description,brand
"All Natural* 93% Lean/7% Fat Lean Ground Beef Tray, 1 lb",
All Natural* 73% Lean/27% Fat Lean Ground Beef,
"Beef Bottom Round Steak Thin, 0.34 - 2.0 lb",
"All Natural* 80% Lean/20% Fat Ground Beef Chuck Tray, 1 lb",
"All Natural* 80% Lean/20% Fat Ground Beef Chuck Tray, 2.25 lb",
"Beef Stew Meat Family Pack, 2.15 - 3.0 lb",
"Beef Stew Meat, 0.68 - 1.31 lb",
"All Natural* 80% Lean/20% Fat Ground Beef Chuck Roll, 1 lb",
"All Natural* 73% Lean/27% Fat Ground Beef Roll, 3 lb",
"All Natural* 93% Lean/7% Fat Lean Ground Beef Tray, 2.25 lb",
"Beef Carne Para Deshebrar, 1.22 - 2.22 lb",
"Marketside Butcher Organic Grass-Fed 85% Lean/15% Fat, Ground Beef, 1 lb",
"All Natural* 93% Lean/7% Fat Lean Ground Beef Roll, 1 lb",
"Beef Choice Angus Sirloin Tender Steak, 0.6 - 1.62 lb",
"Marketside Butcher Organic Grass-Fed 93% Lean / 7% Fat Ground Beef, 1 lb",
"Beef Eye Round Steak Thin, 0.71 - 2.0 lb",
"Beef Chuck Steak, 0.42 - 2.0 lb",
"All Natural* 80% Lean/20% Fat Ground Beef Chuck Roll, 5 lb",
"Beef Tri Tip Roast, 1.52 - 2.73 lb",
"Beef Choice Angus Chuck Roast, 2.25 - 3.38 lb",
"Beef Choice Angus Ribeye Steak Thin, 0.43 - 1.68 lb",
"Beef Tri Tip Roast, 2.04 - 3.04 lb",
"Beef Chuck Tender Roast, 1.62 - 3.73 lb",
"Beef Fine Cubes, 1.0 - 1.5 lb",
"Beef Top Sirloin Steak Family Pack, 1.15 - 2.43 lb",
"Beef Short Ribs Bone-In, 1.1 - 2.1 lb",
"Beef Cubed Steak, 0.73 - 2.05 lb",
"Beef Choice Angus Ribeye Steak, 1.5 - 2.6 lb",
"All Natural* 73% Lean/27% Fat Ground Beef Roll, 5 lb",
"All Natural* 90% Lean/10% Fat Ground Beef Sirloin Tray, 1 lb",
"All Natural* 93% Lean/7% Fat Ground Beef Burgers 4 Count, 1 lb",
"73% Lean/27% Fat, Ground Beef Roll, 10 lb",
"Beef Carne Picada, 1.48 - 2.48 lb",
"Beef Choice Angus New York Strip Steak, 0.82 - 1.57 lb",
"All Natural* 96% Lean/4% Fat Extra Lean Ground Beef Tray, 1 lb",
1lb Ground Beef Roll Frozen 73%,
"All Natural* 80% Lean/20% Fat Ground Beef Chuck Roll, 3 lb",
"Beef Skirt Steak, 0.89 - 1.86 lb",
"Great Value Beef Burgers, 80% Lean 20% Fat, 12 ct, 3 lb (Frozen)",
"Beef Ribeye Steak, 1.12 - 2.0 lb",
"Beef Chuck Shaved Steak, 0.79 - 2.1 lb",
"All Natural* 85% Lean/15% Fat Angus Steak Burgers 12 Count, 4 lb",
"All Natural* 80% Lean/20% Fat Ground Beef Chuck Burgers 4 Count, 1.33 lb",
"Great Value Beef Burgers, 85% Lean 15% Fat, 12 ct, 3 lb (Frozen)",
"All Natural* 73% Lean/27% Fat Ground Beef Tray, 2.25 lb",
"Beef Choice Angus London Broil, 1.06 - 2.39 lb",
"Swift Bone-In Center Cut Beef Backribs, 32 Oz",
"All Natural* 73% Lean/27% Fat Ground Beef Tray, 1 lb",
"All Natural* 85% Lean/15% Fat Ground Beef Round Tray, 1 lb",
"All Natural* 85% Lean/15% Fat Angus Ground Beef Burgers 4 Count, 1.33 lb",
"Beef Choice Angus Ribeye Steak Family Pack, 2.26 - 3.15 lb",
"Beef Chuck Roast, 2.25 - 2.65 lb",
"Beef Sirloin Tip Steak Thin, 0.85 - 1.61 lb",
"Beef Ribeye Shaved Steak, 0.35 - 2.0 lb",
"Beef Milanesa, 0.95 - 1.9 lb",
"Beef Flanken Style Ribs, 0.41 - 1.08 lb",
"Beef Choice Angus Flat Iron Steak, 0.45 - 0.9 lb",
"Beef New York Strip Steak, 0.89 - 2.07 lb",
"Beef Choice Angus Center-Cut Sirloin Steak, 0.51 - 1.2 lb",
"Beef Meaty Backribs Bone-In, 1.0 - 2.0 lb",
All Natural 93/7 Ground Beef - 1lb - Good &#38; Gather&#8482;,Good & Gather
USDA Choice Angus Beef Steak Strips - 14oz - Good &#38; Gather&#8482;,Good & Gather
USDA Choice Angus Beef Stew Meat - 1lb - Good &#38; Gather&#8482;,Good & Gather
Organic 100% Grassfed 85/15 Ground Beef - 1lb - Good &#38; Gather&#8482;,Good & Gather
All Natural 85/15 Ground Beef - 2lbs - Good &#38; Gather&#8482;,Good & Gather
USDA Choice Angus Beef Steak for Sandwiches - 0.68-1.45 lbs - price per lb - Good &#38; Gather&#8482;,Good & Gather
All Natural 85/15 Ground Beef - 1lb - Good &#38; Gather&#8482;,Good & Gather
Laura's Lean Beef 92/8 Ground Beef - 1lb,Laura's Lean Beef
Organic 100% Grassfed 90/10 Ground Beef - 1lb - Good &#38; Gather&#8482;,Good & Gather
Old Neighborhood Shaved Beef Steak - 14oz,Old Neighborhood
USDA Choice Top Sirloin Steak - 1.18-2.24 lbs - price per lb - Good &#38; Gather&#8482;,Good & Gather
All Natural 93/7 Ground Beef - 2lbs - Good &#38; Gather&#8482;,Good & Gather
USDA Choice Angus Beef Skirt Steak - 0.75-1.6 lbs - price per lb - Good &#38; Gather&#8482;,Good & Gather
Earth&#39;s Best Baked Mini Beef Meatballs - Frozen - 26oz,Earth's Best
USDA Choice Angus Beef T-Bone Steak - 0.79-1.31 lbs - price per lb - Good &#38; Gather&#8482;,Good & Gather
93/7 Ground Beef Patties - 1lb - Good &#38; Gather&#8482;,Good & Gather
All Natural 90/10 Ground Beef Sirloin - 1lb - Good &#38; Gather&#8482;,Good & Gather
Laura's Lean Beef 96/4 Ground Beef - 1lb,Laura's Lean Beef
Bubba Burger Angus Beef Chuck Patties - Frozen - 2lbs/6ct,BUBBA burger
Bubba Burger Beef Patties - Frozen - 32oz,BUBBA burger
"Jack Daniel's Seasoned, Cooked & Sliced Beef Brisket - 16oz",Jack Daniel's
P.F. Chang&#39;s Frozen Home Menu Beef with Broccoli Meals for 2 - 22oz,P.F. Chang's
USDA Choice Angus Beef Cube Steak - 0.71-1.18 lbs - price per lb - Good &#38; Gather&#8482;,Good & Gather
USDA Choice Thick Cut Sirloin - 0.94-1.56 lbs - price per lb - Good &#38; Gather&#8482;,Good & Gather
Bio Beef Single Source Protein Dog Wet Food 400g,Schesir
Beef Bone Filled With Lamb Multicolour,DUVO
Voralpen Bavarian Beef Multicolour 4kg,HAPPY CAT
1 Piece Smoked Beef Bone Jumbo Treats Multicolour,DUVO
Beef Meat Slice For Dog,Les filous
Farmz Beef Muscle 1kg,DUVO
Farmz Beef Trachea 250g,DUVO
Bavarian Beef Dry Food 10kg,HAPPY CAT
Beef Slices Treats Multicolour 55g,Dog Fest
Beef Meat Stick Multicolour 45g,Dog Fest
Carnivor Beef Amino Dietary Supplement - 300 Tablets,MUSCLEMEDS
Beef Loaf Wet Dog Food Can 400g Pack of 24,Pedigree
Beef Chunks In Gravy Wet Dog Food Can 400g Pack of 24,Pedigree
Beef Liver Pills Dietary Supplement 120 Capsules With Vanilla Flavour Keto Shake Protein Plus Complex,Vital Proteins
With Beef In Gravy 400g,Pedigree
Tender Beef Dry Dog Food Brown 80g,Good Boy
Friskies VitaFit Active With Beef Dog Food 3kg,Purina
Fancy Feast Beef Feast Grilled In Gravy 85g Pack of 24 Multicolour,Purina
Beef And Vegetables Dry DogFood Adult 10kg,Pedigree
Small Breed Beef Lamb And Vegetables Dry Dog Food Adult 1.5kg Pack of 6,Pedigree
Prey Angus Beef Limited Ingredient Formula For Cats 6.8kg,Taste of the Wild
Beef And Vegetables Dry Dog Food Adult 3kg,Pedigree
Gravy With Beef Wet Food Pack Of 4 85g,Whiskas
Classic Pate Tender Beef Feast Cat Food 85g Pack of 24 Multicolour,Purina Fancy Feast
Active Dog Food With Beef 10kg,Purina
Croquettes With Beef Food 4kg,Simba
Beef And Vegetables Dry Dog Food Adult 3kg Pack of 4,Pedigree
Prepared Dog Food Meal Beef Stew Tub 283g 283g,Purina
Vital Proteins Beef Liver Pills Dietary Supplement - 120 Capsules,Vital Proteins
Beef Wet Dog Food Can Foil Tray 100g,Cesar
Chicken Fillets With Beef Cat Wet Food Pack Of 4 85g,Schesir
Beef And Vegetables In Chunk Pound 400g,Purina
Dog Food Mixer Biscuit Beef 2kg,Webbox
Prey Angus Beef Limited Ingredient Formula For Dogs 3.6kg,Taste of the Wild
Prey Angus Beef Limited Ingredient Formula For Dogs 11.4g,Taste of the Wild
Complete Adult with Beef And Veg Dog Food Multicolour 2.5kg,Webbox
Meowee Meat Cookies Beef Multicolour 40g,Armitage
Beef In Gravy 400g,Whiskas
Filled Rolled Rawhide Beef,REDBARN
Mince Beef Wet Cat Food Can 400g Pack of 24 Pink 400g,Whiskas
Dogs Pat√© Rich In Beef With Heart And Vegetables Alu Tray 150g,Plaisir
Beef Chicken And Vegetables In Gravy 400g,Purina
Duo Bites Beef With Sweet Potato 100g,Webbox
Farm Beef Muscle 250g,DUVO
Cats Chunks In Gravy Beef And Turkey Pouch 100g,Plaisir
Sterilized Cats Chunks  In Jelly With Beef Pouch 100g,Plaisir
Bio Beef Cat Wet Food Multicolour 85g,Schesir
Dogs Treats Delight Sticks Beef 55g,Webbox
Pack Of 6 Fancy Feast Classic Tender Beef 6 x 85g,Purina
Tooth Paste Beef Flavourprevents Plaque Formation And Tartar Accumulation Multicolour 100g,Bioline
